listing_id,listing_type,room_type,latitude,longitude,guests,bedrooms,superhost,num_reviews,rating_overall,ttm_revenue_native,ttm_avg_rate_native,ttm_occupancy,ttm_reserved_days,ttm_revpar_native,currency
39237,Entire home,entire_home,64.1514,-21.9524,3.0,2.0,True,46,4.75,4175445.0,34868.2,0.321,117,11378.9,ISK
74270,Entire condo,entire_home,64.1427,-21.9228,3.0,2.0,True,86,4.86,2329620.0,22771.2,0.258,94,6382.5,ISK
122919,Entire rental unit,entire_home,64.1426,-21.9158,4.0,2.0,True,263,4.9,10596762.0,48302.7,0.595,217,29032.2,ISK
129624,Private room in rental unit,private_room,64.0989,-21.8521,,,True,234,4.63,823254.0,15940.5,0.162,59,2255.5,ISK
130050,Entire rental unit,entire_home,64.1511,-21.9514,4.0,2.0,False,49,4.92,5651892.0,40383.9,0.414,151,15066.3,ISK
157686,Entire rental unit,entire_home,64.1253,-21.8519,4.0,2.0,True,225,4.96,3736112.0,23318.0,0.411,150,9600.0,ISK
178790,Entire loft,entire_home,64.14,-21.859,4.0,2.0,True,1,,1201111.0,42327.8,0.071,26,3290.7,ISK
235357,Room in hotel,private_room,64.1408,-21.9351,2.0,1.0,False,125,4.78,917216.0,8004.1,0.252,92,2512.9,ISK
332281,Entire rental unit,entire_home,64.1336,-21.9139,3.0,2.0,False,46,4.59,421580.0,20481.3,0.058,21,1094.4,ISK
391760,Entire rental unit,entire_home,64.148,-21.9602,4.0,2.0,False,33,4.77,1161153.0,29802.0,0.112,41,3181.2,ISK
439688,Entire rental unit,entire_home,64.1428,-21.9256,3.0,1.0,False,153,4.65,4340975.0,30468.9,0.4,146,11614.2,ISK
440080,Private room in rental unit,private_room,64.1463,-21.9356,3.0,1.0,False,67,4.59,1075153.0,38521.8,0.071,26,2945.6,ISK
531314,Entire rental unit,entire_home,64.139,-21.9343,2.0,1.0,False,20,4.5,1124444.0,20625.1,0.151,55,3010.9,ISK
546142,Entire home,entire_home,64.1504,-21.9617,6.0,3.0,False,5,4.2,1428378.0,42376.4,0.096,35,3913.4,ISK
568309,Entire townhouse,entire_home,64.1444,-21.8834,7.0,4.0,False,19,5.0,3186716.0,57155.2,0.145,53,8437.9,ISK
571221,Entire rental unit,entire_home,64.144,-21.959,4.0,1.0,True,180,4.71,5542262.0,27848.3,0.49,179,14567.9,ISK
591042,Private room in rental unit,private_room,64.139,-21.9605,,,True,379,4.96,2886946.0,12046.0,0.663,242,7909.4,ISK
606029,Entire rental unit,entire_home,64.1389,-21.9201,5.0,3.0,False,47,4.81,1858971.0,59930.8,0.09,33,4875.5,ISK
642488,Private room in rental unit,private_room,64.1389,-21.9366,,,False,29,4.76,902152.0,9253.1,0.227,83,2471.6,ISK
652619,Private room in rental unit,private_room,64.1463,-21.9356,4.0,1.0,False,55,4.53,2081357.0,46541.0,0.112,41,5560.1,ISK
656981,Entire rental unit,entire_home,64.1509,-21.9481,2.0,1.0,False,491,4.95,4009221.0,18703.8,0.567,207,10105.7,ISK
669424,Entire home,entire_home,64.1441,-21.9266,6.0,4.0,False,148,4.89,1857439.0,64651.0,0.085,31,4987.8,ISK
684727,Entire rental unit,entire_home,64.1413,-21.8887,5.0,3.0,False,15,4.67,1242584.0,24997.0,0.14,51,3217.5,ISK
725302,Entire rental unit,entire_home,64.1438,-21.9349,2.0,1.0,True,613,4.74,2297313.0,12977.7,0.49,179,6294.0,ISK
757161,Entire rental unit,entire_home,64.1322,-21.9532,4.0,2.0,False,56,4.77,1244625.0,20659.7,0.145,53,3131.7,ISK
779549,Entire condo,entire_home,64.1506,-21.9473,2.0,1.0,False,353,4.7,1307950.0,19574.1,0.192,70,3583.4,ISK
846186,Entire rental unit,entire_home,64.1418,-21.9291,2.0,1.0,True,368,4.87,2944073.0,17279.5,0.422,154,7216.7,ISK
863552,Entire rental unit,entire_home,64.143,-21.9244,4.0,2.0,True,68,4.94,9067024.0,44549.7,0.482,176,21904.3,ISK
867299,Private room in home,private_room,64.1424,-21.8877,,,False,213,4.69,2206518.0,10216.8,0.534,195,5504.9,ISK
885139,Entire rental unit,entire_home,64.1496,-21.9449,2.0,1.0,True,598,4.76,2083053.0,22512.5,0.225,82,5170.1,ISK
947598,Entire rental unit,entire_home,64.1499,-21.9505,3.0,1.0,True,77,4.97,3445028.0,18723.1,0.474,173,9267.6,ISK
1029394,Entire rental unit,entire_home,64.1519,-21.9556,2.0,1.0,True,69,4.91,6888254.0,27518.7,0.619,226,17215.2,ISK
1061246,Entire home,entire_home,64.1488,-21.9433,4.0,1.0,False,30,4.97,1823981.0,75404.6,0.066,24,4997.2,ISK
1073976,Entire rental unit,entire_home,64.1317,-21.9139,4.0,2.0,True,288,4.93,2891907.0,38100.0,0.2,73,7796.1,ISK
1158183,Entire rental unit,entire_home,64.1373,-21.911,4.0,2.0,False,188,4.9,8400146.0,29201.8,0.792,289,23014.1,ISK
1163550,Private room in rental unit,private_room,64.0989,-21.8521,,,True,72,4.51,295981.0,15141.5,0.049,18,774.7,ISK
1217735,Private room in hostel,private_room,64.1445,-21.9182,2.0,1.0,True,595,4.67,4420164.0,11830.0,0.932,340,11048.4,ISK
1251207,Entire rental unit,entire_home,64.1469,-21.8828,5.0,3.0,True,82,4.74,8009150.0,36424.9,0.595,217,21378.1,ISK
1297669,Entire condo,entire_home,64.1403,-21.9601,5.0,4.0,False,15,4.93,4878501.0,46370.2,0.293,107,13212.0,ISK
1332279,Entire rental unit,entire_home,64.1503,-21.9474,2.0,1.0,True,119,4.89,1936738.0,29660.3,0.181,66,5306.1,ISK
1364955,Entire rental unit,entire_home,64.1453,-21.9369,6.0,2.0,True,409,4.9,8446745.0,37161.9,0.545,199,21186.0,ISK
1405852,Entire condo,entire_home,64.1274,-21.8733,2.0,,True,230,4.88,701377.0,16784.8,0.123,45,1897.2,ISK
1427665,Entire rental unit,entire_home,64.1424,-21.9327,4.0,2.0,False,126,4.91,5024181.0,29768.7,0.43,157,12915.0,ISK
1609652,Private room in home,private_room,64.1042,-21.8144,,,False,28,4.75,674166.0,13618.6,0.126,46,1745.9,ISK
1636894,Entire home,entire_home,64.153,-21.8877,6.0,3.0,False,299,4.9,16598344.0,57550.0,0.756,276,44045.5,ISK
1658113,Entire home,entire_home,64.1394,-21.9285,4.0,2.0,False,100,4.66,3675245.0,51310.2,0.192,70,9934.9,ISK
1659181,Entire rental unit,entire_home,64.1422,-21.9315,2.0,1.0,True,42,5.0,4440174.0,19317.0,0.608,222,11659.4,ISK
1705813,Entire home,entire_home,64.1355,-21.8076,5.0,3.0,True,39,4.97,4905485.0,37875.8,0.356,130,13439.7,ISK
1742347,Entire rental unit,entire_home,64.1464,-21.9356,6.0,2.0,False,15,4.27,1877413.0,49152.8,0.096,35,4825.3,ISK
1750113,Entire rental unit,entire_home,64.1456,-21.9337,7.0,3.0,False,78,4.67,3254910.0,76056.1,0.112,41,8574.5,ISK
1797351,Entire home,entire_home,64.1473,-21.9341,13.0,5.0,False,62,4.64,1865867.0,128215.2,0.036,13,4862.3,ISK
1912436,Entire rental unit,entire_home,64.1518,-21.9517,2.0,1.0,True,145,4.9,2072635.0,18302.8,0.293,107,5406.5,ISK
1918231,Entire rental unit,entire_home,64.1476,-21.9382,8.0,4.0,False,230,4.93,18796576.0,92043.7,0.468,171,43684.6,ISK
2174111,Entire rental unit,entire_home,64.1463,-21.9273,4.0,2.0,True,475,4.91,8646902.0,43141.6,0.477,174,20927.9,ISK
2298177,Entire rental unit,entire_home,64.1445,-21.9312,6.0,3.0,False,118,4.9,4171377.0,66518.9,0.173,63,11246.4,ISK
2411905,Entire rental unit,entire_home,64.1479,-21.9485,4.0,2.0,True,771,4.85,8479092.0,24303.2,0.871,318,21140.8,ISK
2472386,Entire condo,entire_home,64.1338,-21.8624,5.0,3.0,False,11,4.91,797726.0,27237.2,0.074,27,1961.0,ISK
2539356,Entire guest suite,entire_home,64.1369,-21.9616,3.0,1.0,False,106,4.92,1990305.0,18223.0,0.332,121,5452.9,ISK
2580540,Entire rental unit,entire_home,64.1472,-21.9477,3.0,,True,686,4.83,6284888.0,20378.4,0.775,283,15783.3,ISK
2583567,Entire rental unit,entire_home,64.1419,-21.9343,4.0,2.0,False,34,4.85,1645591.0,55730.4,0.079,29,4349.5,ISK
2682367,Entire guesthouse,entire_home,64.1297,-21.9565,4.0,2.0,False,2,,588527.0,52955.9,0.033,12,1611.7,ISK
2755263,Private room in hostel,private_room,64.1446,-21.9179,2.0,1.0,True,469,4.59,4421103.0,12652.9,0.877,320,11173.0,ISK
2755488,Private room in hostel,private_room,64.1446,-21.9179,2.0,1.0,True,501,4.71,4443937.0,12210.2,0.901,329,11040.3,ISK
2755880,Private room in hostel,private_room,64.1446,-21.9179,2.0,1.0,True,557,4.78,4328713.0,11983.5,0.899,328,10785.6,ISK
2755929,Private room in hostel,private_room,64.1444,-21.9169,2.0,1.0,True,542,4.71,4441594.0,11863.9,0.921,336,10997.3,ISK
2755949,Private room in hostel,private_room,64.1435,-21.9183,2.0,1.0,True,541,4.71,4504815.0,12198.7,0.915,334,11170.5,ISK
2763705,Entire rental unit,entire_home,64.1452,-21.9253,6.0,3.0,True,120,4.93,18120135.0,81795.5,0.605,221,49644.2,ISK
2872385,Entire rental unit,entire_home,64.1424,-21.9106,2.0,,True,133,4.86,1993231.0,23312.8,0.236,86,5460.9,ISK
2877141,Entire rental unit,entire_home,64.1441,-21.9241,5.0,1.0,False,379,4.76,8033908.0,30092.1,0.614,224,19055.7,ISK
2942888,Entire rental unit,entire_home,64.1427,-21.9087,4.0,1.0,False,107,4.88,1681986.0,29833.6,0.14,51,4442.2,ISK
2949686,Entire rental unit,entire_home,64.1411,-21.9464,2.0,1.0,True,121,4.97,2685194.0,21774.6,0.268,98,7356.7,ISK
2978280,Entire rental unit,entire_home,64.1495,-21.9431,2.0,1.0,True,556,4.84,4550418.0,19953.7,0.619,226,12466.9,ISK
3145071,Entire condo,entire_home,64.146,-21.9325,3.0,2.0,False,119,4.76,1614287.0,23387.4,0.184,67,4254.0,ISK
3322238,Entire rental unit,entire_home,64.1404,-21.9251,3.0,1.0,True,297,4.78,1478382.0,27285.0,0.142,52,3877.8,ISK
3375931,Entire rental unit,entire_home,64.1462,-21.9487,2.0,1.0,True,316,4.97,6735132.0,25563.7,0.671,245,17978.3,ISK
3377766,Private room in home,private_room,64.1004,-21.8518,,,True,132,4.77,1171450.0,14628.1,0.205,75,3156.1,ISK
3377842,Private room in home,private_room,64.1027,-21.8507,,,True,51,4.67,1362839.0,17013.3,0.184,67,3686.4,ISK
3407815,Entire home,entire_home,64.1439,-21.9235,6.0,3.0,False,30,4.9,3097757.0,50557.7,0.167,61,7962.0,ISK
3489944,Entire rental unit,entire_home,64.1459,-21.9309,2.0,1.0,True,72,4.97,2188178.0,22678.0,0.238,87,5925.3,ISK
3654956,Entire home,entire_home,64.1382,-21.7962,5.0,3.0,False,3,4.67,1563300.0,27403.5,0.162,59,3914.9,ISK
3798929,Entire rental unit,entire_home,64.148,-21.9558,2.0,1.0,True,84,4.93,4042514.0,18398.1,0.567,207,9986.3,ISK
3983337,Entire rental unit,entire_home,64.1374,-21.9189,7.0,3.0,True,685,4.92,9217902.0,29092.6,0.805,294,23491.9,ISK
4020861,Entire rental unit,entire_home,64.1445,-21.922,6.0,1.0,True,48,4.77,2849465.0,59513.1,0.123,45,7747.5,ISK
4119848,Entire rental unit,entire_home,64.1476,-21.9548,5.0,2.0,False,63,4.81,2347290.0,19928.2,0.315,115,6430.9,ISK
4127642,Entire rental unit,entire_home,64.1492,-21.9564,4.0,2.0,False,111,4.85,262261.0,23644.9,0.036,13,718.5,ISK
4284019,Private room in rental unit,private_room,64.15,-21.9659,,,False,157,4.94,965311.0,12749.4,0.205,75,2644.7,ISK
4301706,Entire rental unit,entire_home,64.146,-21.9244,2.0,,True,104,4.86,1191389.0,35354.5,0.079,29,3157.4,ISK
4514327,Entire rental unit,entire_home,64.1491,-21.9457,4.0,2.0,True,106,4.91,11787698.0,36959.7,0.871,318,32295.1,ISK
4656000,Entire rental unit,entire_home,64.1441,-21.9254,4.0,2.0,True,417,4.94,9643230.0,42646.6,0.534,195,23350.6,ISK
4745810,Entire rental unit,entire_home,64.1482,-21.9448,2.0,1.0,True,276,4.78,1654513.0,20841.6,0.186,68,4106.2,ISK
4935952,Entire rental unit,entire_home,64.1451,-21.9375,4.0,3.0,True,221,4.93,6533066.0,47668.2,0.364,133,16376.0,ISK
4948020,Entire rental unit,entire_home,64.1427,-21.9223,4.0,1.0,False,14,4.93,2239327.0,30883.6,0.184,67,5518.8,ISK
5018745,Entire rental unit,entire_home,64.1435,-21.9354,2.0,1.0,True,21,4.95,1433209.0,28032.9,0.14,51,3837.7,ISK
5229923,Entire rental unit,entire_home,64.0995,-21.7784,4.0,2.0,False,19,4.84,618052.0,42593.9,0.038,14,1693.3,ISK
5342954,Entire rental unit,entire_home,64.1405,-21.917,2.0,1.0,True,502,4.75,2742896.0,18104.4,0.403,147,7504.3,ISK
5343346,Entire rental unit,entire_home,64.1429,-21.9348,2.0,1.0,True,421,4.7,2228130.0,13002.7,0.463,169,6104.5,ISK
5469622,Entire rental unit,entire_home,64.1496,-21.9447,2.0,1.0,True,436,4.75,908024.0,18354.9,0.121,44,2206.8,ISK
5694860,Entire townhouse,entire_home,64.1386,-21.9229,6.0,4.0,False,91,5.0,3036684.0,54658.9,0.153,56,8058.9,ISK
5713299,Entire rental unit,entire_home,64.1475,-21.9274,7.0,2.0,False,350,4.73,7070650.0,38402.0,0.449,164,17957.6,ISK
5784316,Entire rental unit,entire_home,64.1429,-21.9104,4.0,1.0,True,789,4.87,8427386.0,22630.2,0.923,337,20899.7,ISK
5809558,Entire home,entire_home,64.1428,-21.9312,4.0,2.0,False,309,4.81,11706546.0,39685.7,0.77,281,31152.8,ISK
5830278,Entire rental unit,entire_home,64.1515,-21.9506,6.0,3.0,True,121,4.92,17346824.0,52795.4,0.89,325,47525.5,ISK
5856549,Entire rental unit,entire_home,64.1434,-21.9179,5.0,1.0,True,290,4.96,6521602.0,31889.1,0.496,181,17184.1,ISK
5915786,Entire rental unit,entire_home,64.1434,-21.9669,4.0,2.0,True,1340,4.97,9729235.0,27838.5,0.904,330,25356.6,ISK
6022242,Entire rental unit,entire_home,64.1496,-21.9517,4.0,2.0,True,548,4.96,4510317.0,30218.4,0.392,143,11933.5,ISK
6149168,Entire rental unit,entire_home,64.1383,-21.9532,4.0,2.0,False,333,4.91,9249765.0,30084.4,0.756,276,23072.3,ISK
6152969,Entire rental unit,entire_home,64.1438,-21.939,4.0,2.0,False,74,4.89,9537488.0,53983.0,0.452,165,25847.0,ISK
6166421,Entire rental unit,entire_home,64.1461,-21.9486,3.0,3.0,True,46,4.85,7165236.0,29803.9,0.636,232,19024.2,ISK
6261535,Entire rental unit,entire_home,64.1523,-21.9494,4.0,2.0,True,287,4.88,4098609.0,29027.7,0.395,144,10899.9,ISK
6326024,Entire townhouse,entire_home,64.1351,-21.8558,8.0,3.0,False,21,4.95,2658723.0,56362.1,0.123,45,6942.2,ISK
6355899,Entire rental unit,entire_home,64.1467,-21.9268,8.0,3.0,True,138,4.93,24547593.0,95771.4,0.668,244,67253.7,ISK
6370703,Entire rental unit,entire_home,64.1466,-21.925,7.0,3.0,True,81,4.94,19574345.0,83468.0,0.597,218,53628.3,ISK
6445484,Entire rental unit,entire_home,64.1484,-21.957,4.0,3.0,True,69,4.91,1160934.0,30629.2,0.099,36,3016.8,ISK
6452777,Entire rental unit,entire_home,64.1459,-21.9322,6.0,2.0,False,359,4.9,2728113.0,40630.0,0.186,68,7474.3,ISK
6455510,Entire rental unit,entire_home,64.145,-21.9261,6.0,3.0,True,61,4.95,20474962.0,81881.1,0.663,242,56095.8,ISK
6456108,Entire rental unit,entire_home,64.1454,-21.9263,6.0,3.0,True,32,4.88,15931504.0,78901.6,0.518,189,43648.0,ISK
6456723,Entire rental unit,entire_home,64.1472,-21.9253,4.0,2.0,True,7,4.57,8664229.0,56709.8,0.427,156,23737.6,ISK
6458329,Entire rental unit,entire_home,64.1472,-21.9251,3.0,2.0,True,7,5.0,2852810.0,49990.6,0.156,57,7815.9,ISK
6470995,Entire rental unit,entire_home,64.1469,-21.9266,4.0,2.0,False,12,5.0,5411065.0,58393.2,0.247,90,14824.8,ISK
6471419,Private room in rental unit,private_room,64.1463,-21.9582,,,True,252,4.89,940391.0,12036.8,0.208,76,2442.2,ISK
6518919,Entire rental unit,entire_home,64.1484,-21.9444,2.0,1.0,False,29,5.0,778513.0,34560.1,0.06,22,2086.2,ISK
6659423,Entire rental unit,entire_home,64.1465,-21.9341,2.0,1.0,True,456,4.89,3831127.0,20790.1,0.499,182,10496.2,ISK
6676892,Entire rental unit,entire_home,64.1454,-21.8663,4.0,1.0,False,405,4.83,4682308.0,26485.2,0.425,155,11893.9,ISK
6722772,Entire condo,entire_home,64.0995,-21.774,4.0,2.0,False,4,5.0,497672.0,29885.0,0.044,16,1311.2,ISK
6795243,Entire loft,entire_home,64.1426,-21.9269,2.0,1.0,True,224,4.96,8117306.0,22625.9,0.929,339,21046.9,ISK
6798696,Entire rental unit,entire_home,64.1444,-21.9258,2.0,1.0,True,528,4.92,8432932.0,23302.1,0.94,343,21958.7,ISK
6814969,Entire rental unit,entire_home,64.1433,-21.9272,2.0,1.0,True,149,4.97,5615242.0,22286.2,0.658,240,14443.0,ISK
6875839,Entire condo,entire_home,64.12,-21.8697,5.0,2.0,False,26,4.96,1488609.0,27312.4,0.145,53,3839.9,ISK
6881387,Entire rental unit,entire_home,64.1461,-21.9422,4.0,2.0,False,372,4.77,14139312.0,45036.2,0.753,275,34442.7,ISK
6973542,Entire townhouse,entire_home,64.1077,-21.8377,6.0,3.0,False,38,4.76,2978404.0,67006.4,0.123,45,8038.0,ISK
7053698,Entire rental unit,entire_home,64.1486,-21.9606,3.0,1.0,True,55,4.93,333520.0,23055.3,0.038,14,873.3,ISK
7202908,Entire condo,entire_home,64.1292,-21.8858,3.0,1.0,False,142,4.92,354584.0,21325.2,0.044,16,867.9,ISK
7292848,Entire rental unit,entire_home,64.1496,-21.9449,2.0,1.0,True,93,4.82,379077.0,22575.4,0.041,15,967.4,ISK
7380130,Entire rental unit,entire_home,64.1497,-21.942,3.0,1.0,True,294,4.87,9703580.0,33137.5,0.734,268,25361.5,ISK
7435479,Entire rental unit,entire_home,64.1495,-21.9448,2.0,1.0,True,348,4.81,1076655.0,20227.0,0.134,49,2683.0,ISK
7525781,Entire rental unit,entire_home,64.1331,-21.9141,4.0,3.0,False,29,4.86,2398652.0,42635.8,0.164,60,6455.6,ISK
7547261,Private room in rental unit,private_room,64.1574,-21.756,,,True,69,4.96,180311.0,12492.6,0.041,15,490.2,ISK
7547852,Private room in rental unit,private_room,64.1883,-21.7876,,,True,76,4.97,1840639.0,12867.3,0.397,145,4912.1,ISK
7547865,Private room in rental unit,private_room,64.1576,-21.755,,,True,145,4.91,2163797.0,14545.4,0.392,143,5775.8,ISK
7581843,Entire condo,entire_home,64.142,-21.7897,4.0,1.0,True,52,4.98,2525097.0,14584.3,0.488,178,6918.1,ISK
7974581,Entire rental unit,entire_home,64.1508,-21.9568,4.0,2.0,True,20,4.8,4469892.0,30046.8,0.4,146,12047.6,ISK
8000919,Entire condo,entire_home,64.1445,-21.9727,2.0,1.0,True,68,4.94,3019293.0,25158.2,0.315,115,7909.5,ISK
8005981,Entire rental unit,entire_home,64.1487,-21.9769,5.0,3.0,False,81,4.78,3026247.0,34137.8,0.236,86,8143.3,ISK
8011067,Entire guesthouse,entire_home,64.1419,-21.8856,2.0,,False,173,4.77,1722059.0,15960.6,0.244,89,4142.4,ISK
8249967,Entire rental unit,entire_home,64.1434,-21.9635,6.0,4.0,True,357,4.88,12183968.0,35341.0,0.825,301,29354.0,ISK
8299284,Private room in townhouse,private_room,64.1462,-21.8826,,,True,410,4.83,2611002.0,12530.9,0.556,203,7061.4,ISK
8485555,Entire rental unit,entire_home,64.1502,-21.9442,6.0,3.0,True,421,4.98,24970201.0,107586.6,0.595,217,63272.1,ISK
8794330,Entire rental unit,entire_home,64.1499,-21.9573,2.0,1.0,True,1021,4.82,8313483.0,26546.7,0.838,306,22776.7,ISK
8993501,Entire rental unit,entire_home,64.1429,-21.9231,6.0,2.0,True,27,4.85,2598818.0,68768.7,0.11,40,7120.0,ISK
9023967,Entire apartment,entire_home,64.1472,-21.9326,4.0,2.0,True,361,4.92,7813521.0,33883.3,0.603,220,20552.4,ISK
9540749,Entire condo,entire_home,64.1464,-21.8923,4.0,2.0,False,6,5.0,1881508.0,43591.7,0.112,41,4915.7,ISK
9583086,Entire rental unit,entire_home,64.1432,-21.9246,2.0,1.0,True,121,4.98,5571681.0,34965.7,0.364,133,13642.0,ISK
9584700,Private room in rental unit,private_room,64.1438,-21.9625,,,True,104,4.82,187943.0,7404.2,0.063,23,443.8,ISK
9804766,Entire rental unit,entire_home,64.1429,-21.9331,3.0,1.0,True,435,4.88,3798737.0,20419.8,0.488,178,9315.7,ISK
9894234,Private room in home,private_room,64.1437,-21.9336,,,True,258,4.72,2129451.0,18561.0,0.279,102,5328.6,ISK
9976983,Private room in home,private_room,64.1444,-21.9331,,5.0,True,90,4.76,4599006.0,52026.3,0.186,68,10647.7,ISK
9996054,Entire rental unit,entire_home,64.1444,-21.933,10.0,6.0,True,148,4.92,20724014.0,129720.0,0.381,139,51618.4,ISK
10159198,Entire home,entire_home,64.1427,-21.9331,6.0,2.0,True,241,4.97,11229218.0,56506.4,0.436,159,27697.0,ISK
10209359,Private room in home,private_room,64.1444,-21.933,,6.0,True,143,4.82,6729468.0,66440.6,0.227,83,15996.5,ISK
10279029,Entire rental unit,entire_home,64.1449,-21.9209,6.0,2.0,True,64,4.97,5762746.0,61518.6,0.258,94,15788.3,ISK
10493412,Entire home,entire_home,64.0929,-21.8388,4.0,2.0,True,33,4.97,4788014.0,44627.4,0.425,155,13117.8,ISK
10758750,Entire condo,entire_home,64.1472,-21.9276,6.0,2.0,False,182,4.8,15366761.0,62886.7,0.578,211,39780.2,ISK
10853898,Entire rental unit,entire_home,64.1419,-21.9144,6.0,2.0,True,397,4.77,8536818.0,32871.8,0.704,257,23388.5,ISK
10986870,Entire condo,entire_home,64.147,-21.9304,5.0,4.0,False,1,,1298331.0,75625.4,0.033,12,2486.1,ISK
10991051,Entire condo,entire_home,64.1516,-21.9454,6.0,3.0,True,17,4.94,6289701.0,52731.9,0.296,108,15924.7,ISK
11026367,Private room in house,private_room,64.1463,-21.9361,,,True,169,4.82,491437.0,19805.0,0.06,22,1346.4,ISK
11113813,Entire rental unit,entire_home,64.1446,-21.9327,2.0,,True,326,4.89,4520026.0,22612.6,0.501,183,11332.2,ISK
11140969,Entire rental unit,entire_home,64.15,-21.9792,5.0,2.0,False,65,4.94,3531438.0,30286.3,0.315,115,9370.5,ISK
11209782,Entire rental unit,entire_home,64.1437,-21.921,12.0,4.0,True,171,4.94,25698135.0,128352.9,0.534,195,70405.8,ISK
11250160,Room in bed and breakfast,hotel_room,64.1408,-21.9271,2.0,1.0,True,137,4.85,420225.0,33280.8,0.03,11,1151.3,ISK
11251509,Room in boutique hotel,hotel_room,64.1404,-21.9293,1.0,1.0,True,72,4.9,1549196.0,27745.3,0.145,53,4244.4,ISK
11298870,Entire rental unit,entire_home,64.1512,-21.9442,4.0,1.0,False,682,4.92,4800874.0,32858.4,0.389,142,11974.4,ISK
11300058,Entire rental unit,entire_home,64.1447,-21.9212,14.0,4.0,True,85,4.91,7191510.0,132541.1,0.162,59,19702.8,ISK
11389846,Entire rental unit,entire_home,64.1046,-21.8425,2.0,1.0,False,381,4.85,3229593.0,16433.9,0.499,182,7298.2,ISK
11590767,Entire home,entire_home,64.1396,-21.9177,6.0,3.0,True,216,4.84,610798.0,41043.2,0.038,14,1515.8,ISK
11607056,Entire rental unit,entire_home,64.1327,-21.9075,6.0,3.0,True,30,4.93,3869295.0,45706.6,0.238,87,10600.8,ISK
11629742,Entire cabin,entire_home,64.4216,-21.6672,6.0,3.0,False,53,4.85,5016041.0,40977.2,0.274,100,11546.2,ISK
11694015,Entire rental unit,entire_home,64.149,-21.9549,3.0,3.0,False,88,4.84,2738154.0,26361.5,0.293,107,7411.1,ISK
11769657,Entire rental unit,entire_home,64.15,-21.8836,2.0,1.0,False,7,5.0,1930346.0,40732.3,0.129,47,5225.9,ISK
11864716,Entire rental unit,entire_home,64.1452,-21.9529,4.0,2.0,False,98,4.77,433283.0,19313.8,0.063,23,1187.1,ISK
11968633,Entire rental unit,entire_home,64.1444,-21.9178,6.0,2.0,True,360,4.94,8301936.0,39979.9,0.526,192,21163.7,ISK
11987744,Private room in casa particular,private_room,64.1236,-21.8587,,,False,36,4.94,533933.0,11710.4,0.132,48,1462.8,ISK
12017075,Entire rental unit,entire_home,64.132,-21.914,4.0,3.0,False,28,4.71,1116741.0,61815.5,0.123,45,3002.4,ISK
12071035,Entire rental unit,entire_home,64.1363,-21.8951,3.0,1.0,False,20,5.0,3272935.0,22178.9,0.386,141,8688.0,ISK
12154067,Entire rental unit,entire_home,64.1228,-21.8208,5.0,2.0,False,59,4.93,529990.0,21018.8,0.068,25,1399.7,ISK
12157361,Entire home,entire_home,64.1441,-21.9319,2.0,,False,430,4.51,4454167.0,16964.1,0.718,262,12203.2,ISK
12180192,Entire rental unit,entire_home,64.1453,-21.9365,16.0,5.0,False,64,4.73,55347545.0,277475.3,0.471,172,148123.0,ISK
12199470,Entire home,entire_home,64.1447,-21.9271,5.0,2.0,True,558,4.88,11197609.0,32428.7,0.893,326,28994.6,ISK
12282881,Entire home,entire_home,64.1445,-21.9254,4.0,2.0,True,452,4.84,7965613.0,28360.8,0.715,261,20286.2,ISK
12282977,Entire home,entire_home,64.1444,-21.9248,5.0,2.0,True,454,4.88,10337018.0,30312.8,0.879,321,26758.8,ISK
12492845,Entire townhouse,entire_home,64.0959,-21.7775,8.0,4.0,True,144,4.99,18894620.0,99088.6,0.482,176,48636.8,ISK
12518584,Private room in rental unit,private_room,64.1406,-21.9252,,,True,530,4.83,3756140.0,11827.9,0.792,289,9433.3,ISK
12519229,Private room in rental unit,private_room,64.1418,-21.9234,,,True,568,4.83,3449533.0,11798.0,0.726,265,8697.8,ISK
12519335,Private room in rental unit,private_room,64.1397,-21.9234,,,True,596,4.82,3935183.0,12351.1,0.784,286,9861.1,ISK
12520750,Private room in rental unit,private_room,64.1463,-21.9356,4.0,1.0,False,12,3.42,1837578.0,40608.8,0.121,44,4858.8,ISK
12526172,Entire rental unit,entire_home,64.144,-21.9034,4.0,2.0,True,424,4.92,5950146.0,34292.3,0.449,164,13592.9,ISK
12533607,Private room in rental unit,private_room,64.1463,-21.9356,4.0,1.0,False,17,4.82,2437895.0,43130.7,0.142,52,6489.5,ISK
12595660,Entire home,entire_home,64.1356,-21.7761,6.0,4.0,False,17,5.0,855752.0,70772.4,0.033,12,2344.5,ISK
12605925,Private room in rental unit,private_room,64.1447,-21.7927,,3.0,False,226,4.77,1434780.0,11933.1,0.337,123,3930.9,ISK
12606698,Private room in rental unit,private_room,64.1464,-21.7908,,,False,137,4.91,1065377.0,9870.3,0.296,108,2873.5,ISK
12678629,Entire rental unit,entire_home,64.1339,-21.8868,2.0,1.0,False,8,5.0,412927.0,20247.5,0.058,21,1111.1,ISK
12697780,Entire home,entire_home,64.144,-21.8627,7.0,4.0,True,164,4.93,11432043.0,47877.7,0.636,232,30432.4,ISK
12804181,Entire home,entire_home,64.1341,-21.7915,10.0,5.0,False,49,4.96,4627660.0,68606.2,0.184,67,12241.3,ISK
12805726,Private room in rental unit,private_room,64.1463,-21.9356,2.0,1.0,False,12,4.25,1602982.0,31475.3,0.148,54,4237.7,ISK
12805768,Private room in rental unit,private_room,64.1465,-21.933,3.0,1.0,False,26,4.54,1323612.0,41772.6,0.09,33,3528.7,ISK
13028685,Private room in hostel,private_room,64.1492,-21.9471,2.0,1.0,False,244,4.59,806712.0,24946.2,0.099,36,2127.2,ISK
13029172,Entire condo,entire_home,64.145,-21.9337,7.0,4.0,False,46,5.0,1896080.0,36403.6,0.142,52,5194.7,ISK
13049726,Entire rental unit,entire_home,64.1499,-21.9573,4.0,2.0,True,771,4.8,9235935.0,33279.2,0.715,261,25303.9,ISK
13159452,Entire rental unit,entire_home,64.15,-21.957,6.0,2.0,True,1216,4.88,17323837.0,56120.8,0.83,303,47462.6,ISK
13185606,Entire rental unit,entire_home,64.1456,-21.9336,2.0,1.0,False,27,4.59,670096.0,15638.6,0.11,40,1717.3,ISK
13242366,Private room in rental unit,private_room,64.1507,-21.9593,,,True,1078,4.75,3775723.0,12706.8,0.808,295,10344.4,ISK
13243620,Private room in rental unit,private_room,64.149,-21.9592,,,True,981,4.78,3294388.0,13072.7,0.682,249,9025.7,ISK
13297190,Private room in hostel,private_room,64.1507,-21.9474,2.0,1.0,False,275,4.63,931334.0,25195.7,0.11,40,2462.7,ISK
13298199,Private room in hostel,private_room,64.1498,-21.9485,2.0,1.0,False,187,4.66,723409.0,25924.9,0.079,29,1916.8,ISK
13358452,Private room in hostel,private_room,64.1474,-21.9492,2.0,1.0,False,194,4.64,1252475.0,26559.3,0.132,48,3314.3,ISK
13393208,Private room in hostel,private_room,64.1477,-21.9468,2.0,1.0,False,253,4.71,1153846.0,25689.4,0.123,45,3084.2,ISK
13405589,Entire townhouse,entire_home,64.1156,-21.7897,8.0,4.0,False,7,5.0,1697513.0,64184.8,0.079,29,4567.0,ISK
13434919,Private room in home,private_room,64.1446,-21.933,,,True,288,4.89,4145079.0,22097.8,0.449,164,10589.5,ISK
13435427,Private room in home,private_room,64.1436,-21.9344,,,True,401,4.83,3837917.0,11891.1,0.789,288,9369.6,ISK
13436153,Private room in home,private_room,64.1452,-21.932,,,True,192,4.83,2350805.0,19391.5,0.282,103,5792.1,ISK
13436334,Private room in home,private_room,64.1437,-21.9338,,,True,319,4.83,3618619.0,13677.2,0.666,243,9108.6,ISK
13555367,Entire rental unit,entire_home,64.1501,-21.946,4.0,1.0,True,142,4.88,5977614.0,52990.0,0.315,115,16377.0,ISK
13610601,Entire serviced apartment,entire_home,64.1477,-21.868,5.0,3.0,False,33,4.97,2278407.0,30230.2,0.197,72,6242.2,ISK
13639404,Private room in hostel,private_room,64.1475,-21.9475,2.0,1.0,False,208,4.76,1416397.0,26740.2,0.151,55,3779.8,ISK
13696791,Entire rental unit,entire_home,64.1373,-21.9077,6.0,3.0,True,35,,3450625.0,69645.6,0.148,54,9085.6,ISK
13712829,Entire home,entire_home,64.1414,-21.93,4.0,2.0,False,132,4.95,7910998.0,40530.3,0.545,199,21499.7,ISK
13764635,Entire rental unit,entire_home,64.1413,-21.9207,4.0,2.0,False,17,4.88,2131221.0,25646.0,0.225,82,5839.0,ISK
13837178,Private room in home,private_room,64.122,-21.8594,,,True,228,4.91,371310.0,8711.6,0.112,41,956.3,ISK
13841762,Entire rental unit,entire_home,64.1501,-21.957,4.0,1.0,True,1025,4.84,9712867.0,32955.3,0.767,280,26610.6,ISK
14005055,Entire rental unit,entire_home,64.1481,-21.9459,4.0,2.0,False,739,4.76,6081879.0,26232.4,0.562,205,15989.2,ISK
14049036,Entire home,entire_home,64.1603,-21.7515,7.0,4.0,False,9,4.89,2169356.0,72365.9,0.077,28,5577.4,ISK
14173743,Entire rental unit,entire_home,64.1428,-21.9344,3.0,1.0,True,190,4.92,3907011.0,20717.6,0.474,173,9945.8,ISK
14259579,Private room in hostel,private_room,64.1493,-21.9486,2.0,1.0,False,223,4.72,1003525.0,25975.4,0.104,38,2666.4,ISK
14262868,Private room in hostel,private_room,64.1478,-21.9472,2.0,1.0,False,261,4.69,967444.0,26102.2,0.104,38,2573.5,ISK
14317826,Entire rental unit,entire_home,64.1461,-21.9261,2.0,1.0,True,407,4.96,4321212.0,19902.9,0.575,210,11838.9,ISK
14551661,Entire rental unit,entire_home,64.1344,-21.9148,5.0,3.0,True,120,4.92,1388611.0,24690.4,0.153,56,3804.4,ISK
14552323,Private room in rental unit,private_room,64.1467,-21.9635,,,False,190,4.87,1620728.0,10101.8,0.436,159,4440.4,ISK
14599978,Tiny home,entire_home,64.1451,-21.9253,2.0,,False,227,4.77,7168306.0,24139.1,0.808,295,19639.2,ISK
14629805,Private room in hostel,private_room,64.1486,-21.9473,2.0,1.0,False,206,4.7,830936.0,28183.8,0.082,30,2217.3,ISK
14713932,Entire rental unit,entire_home,64.1385,-21.9198,4.0,1.0,False,240,4.77,6148066.0,18689.1,0.751,274,14156.9,ISK
14730235,Entire guesthouse,entire_home,64.1417,-21.9278,2.0,1.0,True,207,4.92,2917152.0,41593.1,0.296,108,7594.8,ISK
14851216,Entire home,entire_home,64.1433,-21.9579,9.0,5.0,False,160,4.79,19504036.0,96877.8,0.526,192,52020.3,ISK
14895478,Entire rental unit,entire_home,64.1419,-21.9109,11.0,4.0,False,398,4.87,16977722.0,61925.3,0.699,255,42560.9,ISK
14950296,Entire rental unit,entire_home,64.1003,-21.8296,2.0,1.0,False,579,4.9,4750263.0,14784.4,0.8,292,11864.0,ISK
15125610,Entire rental unit,entire_home,64.1431,-21.9453,4.0,1.0,False,77,4.65,1697479.0,22345.1,0.192,70,4556.5,ISK
15162320,Entire rental unit,entire_home,64.1507,-21.8752,5.0,3.0,False,18,5.0,1273895.0,35817.6,0.101,37,3455.3,ISK
15434905,Entire condo,entire_home,64.1467,-21.9386,8.0,4.0,False,298,4.95,30249901.0,103296.7,0.696,254,73511.5,ISK
15566642,Entire home,entire_home,64.1453,-21.864,6.0,3.0,True,194,4.9,7020379.0,42460.0,0.4,146,18575.7,ISK
15776652,Entire villa,entire_home,64.1264,-21.9035,12.0,5.0,False,16,4.94,5728785.0,220838.0,0.068,25,15334.5,ISK
15888849,Private room in home,private_room,64.1447,-21.9003,2.0,1.0,True,319,4.78,2011543.0,15068.6,0.34,124,5262.5,ISK
15889332,Private room in home,private_room,64.1434,-21.9048,2.0,1.0,True,322,4.74,1008069.0,11988.1,0.225,82,2657.6,ISK
15918098,Private room in home,private_room,64.1435,-21.9046,,,True,339,4.72,1897765.0,13257.2,0.395,144,5199.4,ISK
16053541,Entire rental unit,entire_home,64.1417,-21.9345,3.0,1.0,False,219,4.9,379666.0,31050.8,0.041,15,1040.2,ISK
16099922,Private room in home,private_room,64.1446,-21.9022,2.0,1.0,True,350,4.69,590179.0,14152.6,0.107,39,1551.0,ISK
16112875,Private room in townhouse,private_room,64.1074,-21.837,,,False,63,4.87,662706.0,16554.4,0.107,39,1754.3,ISK
16145385,Entire rental unit,entire_home,64.1434,-21.9305,6.0,2.0,False,53,4.81,1279911.0,83587.5,0.036,13,3283.5,ISK
16184348,Entire rental unit,entire_home,64.1444,-21.9201,7.0,2.0,False,114,4.56,5060085.0,34718.9,0.364,133,13053.0,ISK
16267204,Entire rental unit,entire_home,64.1432,-21.9282,4.0,1.0,True,226,4.93,7230138.0,31831.4,0.562,205,18930.0,ISK
16332146,Entire rental unit,entire_home,64.1432,-21.9158,4.0,2.0,False,14,4.86,6284316.0,48965.1,0.312,114,17217.3,ISK
16335007,Entire rental unit,entire_home,64.1424,-21.9155,2.0,,False,11,4.64,3004538.0,33198.8,0.255,93,8231.6,ISK
16335142,Entire rental unit,entire_home,64.1423,-21.915,4.0,1.0,False,3,5.0,2461757.0,33602.1,0.178,65,6744.5,ISK
16336972,Entire rental unit,entire_home,64.1431,-21.9118,4.0,1.0,True,559,4.66,891528.0,20096.1,0.115,42,2191.5,ISK
16413465,Entire rental unit,entire_home,64.1447,-21.9604,2.0,1.0,True,100,4.98,4663838.0,32467.2,0.381,139,12175.2,ISK
16417694,Entire rental unit,entire_home,64.1429,-21.9296,5.0,2.0,True,184,4.94,10737308.0,46207.1,0.581,212,28419.6,ISK
16424255,Private room in rental unit,private_room,64.1498,-21.9571,,,True,645,4.85,2356535.0,18912.2,0.312,114,6456.3,ISK
16425116,Private room in rental unit,private_room,64.1498,-21.9571,,,True,635,4.85,2943619.0,18582.2,0.427,156,8064.7,ISK
16513422,Entire rental unit,entire_home,64.1438,-21.9329,8.0,2.0,False,163,4.75,13502420.0,64785.4,0.49,179,35084.5,ISK
16524924,Entire rental unit,entire_home,64.1448,-21.9318,6.0,2.0,False,113,4.69,10030887.0,50854.4,0.466,170,25532.0,ISK
16525028,Entire rental unit,entire_home,64.1438,-21.9329,10.0,4.0,False,227,4.77,21204313.0,98093.4,0.537,196,55932.2,ISK
16542824,Private room in home,private_room,64.1075,-21.837,,,False,61,4.69,584551.0,16509.3,0.093,34,1540.2,ISK
16543511,Private room in home,private_room,64.1102,-21.8378,,,False,67,4.75,770066.0,17084.3,0.126,46,2025.4,ISK
16625616,Private room in condo,private_room,64.148,-21.927,,,True,213,4.96,1385245.0,18793.0,0.205,75,3795.2,ISK
16627119,Entire rental unit,entire_home,64.1434,-21.9196,4.0,1.0,False,360,4.87,9669374.0,37497.0,0.622,227,24759.4,ISK
16804417,Entire rental unit,entire_home,64.1441,-21.9342,2.0,1.0,False,56,4.77,635229.0,29183.6,0.055,20,1698.5,ISK
16893348,Entire condo,entire_home,64.1439,-21.9242,4.0,2.0,False,390,4.78,7597182.0,38169.1,0.523,191,20814.2,ISK
17118094,Entire rental unit,entire_home,64.1495,-21.9455,6.0,2.0,True,627,4.93,9642189.0,39005.9,0.559,204,24169.0,ISK
17122328,Entire guest suite,entire_home,64.2391,-21.8335,5.0,2.0,True,197,4.95,2157292.0,22627.7,0.244,89,5324.0,ISK
17413234,Private room in home,private_room,64.1443,-21.933,,,True,273,4.82,2999035.0,16646.8,0.405,148,7358.9,ISK
17418114,Private room in home,private_room,64.1443,-21.9329,,,True,414,4.88,3895607.0,11933.8,0.775,283,9330.8,ISK
17419046,Private room in home,private_room,64.1444,-21.933,,,True,210,4.75,4183444.0,19782.9,0.515,188,10217.0,ISK
17440143,Private room in home,private_room,64.1444,-21.9329,,,True,269,4.8,3620015.0,19376.4,0.46,168,9168.4,ISK
17629350,Private room in home,private_room,64.1444,-21.933,,,True,284,4.87,3348415.0,17504.9,0.479,175,8560.2,ISK
17645912,Entire rental unit,entire_home,64.1463,-21.9527,3.0,2.0,False,75,4.87,4556680.0,25308.0,0.488,178,11931.8,ISK
17650867,Entire rental unit,entire_home,64.136,-21.8918,4.0,2.0,False,20,5.0,871662.0,20605.5,0.118,43,2388.1,ISK
17758555,Entire rental unit,entire_home,64.1425,-21.8555,5.0,2.0,True,110,4.9,3902664.0,39450.9,0.268,98,10692.2,ISK
17786911,Entire rental unit,entire_home,64.0996,-21.7756,4.0,3.0,True,91,4.97,2191652.0,34167.9,0.159,58,5640.2,ISK
17807762,Private room in rental unit,private_room,64.1455,-21.9473,4.0,1.0,True,32,4.66,3399427.0,38190.9,0.244,89,9313.5,ISK
17956952,Entire rental unit,entire_home,64.1342,-21.9117,6.0,2.0,False,38,4.79,2133493.0,26854.0,0.222,81,5747.6,ISK
18056781,Private room in rental unit,private_room,64.1379,-21.9565,,,True,375,4.9,473396.0,21092.8,0.06,22,1267.3,ISK
